<annotation>
	<folder>images</folder>
	<filename>00159.jpg</filename>
	<path>F:\Jupyter\Projects_AmoebaDetectionV3\amoebaDataset\images\00159.jpg</path>
	<source>
		<database>Unknown</database>
	</source>
	<size>
		<width>1024</width>
		<height>768</height>
		<depth>3</depth>
	</size>
	<segmented>0</segmented>
	<object>
		<name>amoeba</name>
		<pose>Unspecified</pose>
		<truncated>0</truncated>
		<difficult>0</difficult>
		<bndbox>
			<xmin>500</xmin>
			<ymin>447</ymin>
			<xmax>630</xmax>
			<ymax>544</ymax>
		</bndbox>
	</object>
	<object>
		<name>amoeba</name>
		<pose>Unspecified</pose>
		<truncated>0</truncated>
		<difficult>0</difficult>
		<bndbox>
			<xmin>485</xmin>
			<ymin>263</ymin>
			<xmax>595</xmax>
			<ymax>429</ymax>
		</bndbox>
	</object>
</annotation>
