<annotation>
	<folder>images</folder>
	<filename>00010.jpg</filename>
	<path>C:\Users\Administrator\Desktop\amoebaDetection\trainingDataset\images\00010.jpg</path>
	<source>
		<database>Unknown</database>
	</source>
	<size>
		<width>1024</width>
		<height>768</height>
		<depth>3</depth>
	</size>
	<segmented>0</segmented>
	<object>
		<name>amoeba</name>
		<pose>Unspecified</pose>
		<truncated>0</truncated>
		<difficult>0</difficult>
		<bndbox>
			<xmin>55</xmin>
			<ymin>194</ymin>
			<xmax>219</xmax>
			<ymax>389</ymax>
		</bndbox>
	</object>
	<object>
		<name>amoeba</name>
		<pose>Unspecified</pose>
		<truncated>0</truncated>
		<difficult>0</difficult>
		<bndbox>
			<xmin>253</xmin>
			<ymin>453</ymin>
			<xmax>489</xmax>
			<ymax>600</ymax>
		</bndbox>
	</object>
	<object>
		<name>amoeba</name>
		<pose>Unspecified</pose>
		<truncated>0</truncated>
		<difficult>0</difficult>
		<bndbox>
			<xmin>590</xmin>
			<ymin>428</ymin>
			<xmax>702</xmax>
			<ymax>621</ymax>
		</bndbox>
	</object>
	<object>
		<name>amoeba</name>
		<pose>Unspecified</pose>
		<truncated>0</truncated>
		<difficult>0</difficult>
		<bndbox>
			<xmin>807</xmin>
			<ymin>491</ymin>
			<xmax>944</xmax>
			<ymax>649</ymax>
		</bndbox>
	</object>
	<object>
		<name>amoeba</name>
		<pose>Unspecified</pose>
		<truncated>1</truncated>
		<difficult>0</difficult>
		<bndbox>
			<xmin>1</xmin>
			<ymin>649</ymin>
			<xmax>149</xmax>
			<ymax>768</ymax>
		</bndbox>
	</object>
</annotation>
