<annotation>
	<folder>images</folder>
	<filename>58.jpg</filename>
	<path>F:\Jupyter\Projects_AmoebaDetection\amoebaDataset\images\58.jpg</path>
	<source>
		<database>Unknown</database>
	</source>
	<size>
		<width>1024</width>
		<height>768</height>
		<depth>3</depth>
	</size>
	<segmented>0</segmented>
	
	<object>
		<name>amoeba</name>
		<pose>Unspecified</pose>
		<truncated>0</truncated>
		<difficult>0</difficult>
		<bndbox>
			<xmin>284</xmin>
			<ymin>459</ymin>
			<xmax>462</xmax>
			<ymax>587</ymax>
		</bndbox>
	</object>
	<object>
		<name>amoeba</name>
		<pose>Unspecified</pose>
		<truncated>0</truncated>
		<difficult>0</difficult>
		<bndbox>
			<xmin>509</xmin>
			<ymin>288</ymin>
			<xmax>623</xmax>
			<ymax>440</ymax>
		</bndbox>
	</object>
</annotation>
