<annotation>
	<folder>images</folder>
	<filename>48.jpg</filename>
	<path>F:\Jupyter\Projects_AmoebaDetectionV2\amoebaDataset\images\48.jpg</path>
	<source>
		<database>Unknown</database>
	</source>
	<size>
		<width>1024</width>
		<height>768</height>
		<depth>3</depth>
	</size>
	<segmented>0</segmented>
	<object>
		<name>amoeba</name>
		<pose>Unspecified</pose>
		<truncated>0</truncated>
		<difficult>0</difficult>
		<bndbox>
			<xmin>126</xmin>
			<ymin>401</ymin>
			<xmax>305</xmax>
			<ymax>530</ymax>
		</bndbox>
	</object>
	<object>
		<name>amoeba</name>
		<pose>Unspecified</pose>
		<truncated>0</truncated>
		<difficult>0</difficult>
		<bndbox>
			<xmin>726</xmin>
			<ymin>355</ymin>
			<xmax>902</xmax>
			<ymax>542</ymax>
		</bndbox>
	</object>
</annotation>
