<annotation>
	<folder>images</folder>
	<filename>64.jpg</filename>
	<path>C:\Users\Administrator\Desktop\ProFowCombined\images\64.jpg</path>
	<source>
		<database>Unknown</database>
	</source>
	<size>
		<width>1024</width>
		<height>1536</height>
		<depth>3</depth>
	</size>
	<segmented>0</segmented>
	<object>
		<name>Proteus Amoeba</name>
		<pose>Unspecified</pose>
		<truncated>0</truncated>
		<difficult>0</difficult>
		<bndbox>
			<xmin>637</xmin>
			<ymin>300</ymin>
			<xmax>769</xmax>
			<ymax>420</ymax>
		</bndbox>
	</object>
	<object>
		<name>N.Fowleri Amoeba</name>
		<pose>Unspecified</pose>
		<truncated>0</truncated>
		<difficult>0</difficult>
		<bndbox>
			<xmin>466</xmin>
			<ymin>1092</ymin>
			<xmax>623</xmax>
			<ymax>1231</ymax>
		</bndbox>
	</object>
</annotation>
