<annotation>
	<folder>images</folder>
	<filename>24.jpg</filename>
	<path>C:\Users\Administrator\Desktop\ProFowCombined\images\24.jpg</path>
	<source>
		<database>Unknown</database>
	</source>
	<size>
		<width>1024</width>
		<height>1536</height>
		<depth>3</depth>
	</size>
	<segmented>0</segmented>
	<object>
		<name>Proteus Amoeba</name>
		<pose>Unspecified</pose>
		<truncated>0</truncated>
		<difficult>0</difficult>
		<bndbox>
			<xmin>502</xmin>
			<ymin>341</ymin>
			<xmax>615</xmax>
			<ymax>480</ymax>
		</bndbox>
	</object>
	<object>
		<name>N.Fowleri Amoeba</name>
		<pose>Unspecified</pose>
		<truncated>0</truncated>
		<difficult>0</difficult>
		<bndbox>
			<xmin>201</xmin>
			<ymin>969</ymin>
			<xmax>319</xmax>
			<ymax>1169</ymax>
		</bndbox>
	</object>
</annotation>
