<annotation>
	<folder>images</folder>
	<filename>66.jpg</filename>
	<path>C:\Users\Administrator\Desktop\ProFowCombined\images\66.jpg</path>
	<source>
		<database>Unknown</database>
	</source>
	<size>
		<width>1024</width>
		<height>1536</height>
		<depth>3</depth>
	</size>
	<segmented>0</segmented>
	<object>
		<name>Proteus Amoeba</name>
		<pose>Unspecified</pose>
		<truncated>0</truncated>
		<difficult>0</difficult>
		<bndbox>
			<xmin>473</xmin>
			<ymin>364</ymin>
			<xmax>637</xmax>
			<ymax>495</ymax>
		</bndbox>
	</object>
	<object>
		<name>N.Fowleri Amoeba</name>
		<pose>Unspecified</pose>
		<truncated>0</truncated>
		<difficult>0</difficult>
		<bndbox>
			<xmin>401</xmin>
			<ymin>1182</ymin>
			<xmax>489</xmax>
			<ymax>1320</ymax>
		</bndbox>
	</object>
</annotation>
