<annotation>
	<folder>images</folder>
	<filename>47.jpg</filename>
	<path>C:\Users\Administrator\Desktop\ProFowCombined\images\47.jpg</path>
	<source>
		<database>Unknown</database>
	</source>
	<size>
		<width>1024</width>
		<height>1536</height>
		<depth>3</depth>
	</size>
	<segmented>0</segmented>
	<object>
		<name>Proteus Amoeba</name>
		<pose>Unspecified</pose>
		<truncated>0</truncated>
		<difficult>0</difficult>
		<bndbox>
			<xmin>682</xmin>
			<ymin>495</ymin>
			<xmax>778</xmax>
			<ymax>639</ymax>
		</bndbox>
	</object>
	<object>
		<name>N.Fowleri Amoeba</name>
		<pose>Unspecified</pose>
		<truncated>0</truncated>
		<difficult>0</difficult>
		<bndbox>
			<xmin>464</xmin>
			<ymin>1101</ymin>
			<xmax>571</xmax>
			<ymax>1208</ymax>
		</bndbox>
	</object>
</annotation>
