<annotation>
	<folder>images</folder>
	<filename>68.jpg</filename>
	<path>C:\Users\Administrator\Desktop\ProFowCombined\images\68.jpg</path>
	<source>
		<database>Unknown</database>
	</source>
	<size>
		<width>1024</width>
		<height>1536</height>
		<depth>3</depth>
	</size>
	<segmented>0</segmented>
	<object>
		<name>Proteus Amoeba</name>
		<pose>Unspecified</pose>
		<truncated>0</truncated>
		<difficult>0</difficult>
		<bndbox>
			<xmin>527</xmin>
			<ymin>239</ymin>
			<xmax>663</xmax>
			<ymax>441</ymax>
		</bndbox>
	</object>
	<object>
		<name>N.Fowleri Amoeba</name>
		<pose>Unspecified</pose>
		<truncated>0</truncated>
		<difficult>0</difficult>
		<bndbox>
			<xmin>399</xmin>
			<ymin>1180</ymin>
			<xmax>491</xmax>
			<ymax>1321</ymax>
		</bndbox>
	</object>
</annotation>
