<annotation>
	<folder>images</folder>
	<filename>69.jpg</filename>
	<path>C:\Users\Administrator\Desktop\ProFowCombined\images\69.jpg</path>
	<source>
		<database>Unknown</database>
	</source>
	<size>
		<width>1024</width>
		<height>1536</height>
		<depth>3</depth>
	</size>
	<segmented>0</segmented>
	<object>
		<name>Proteus Amoeba</name>
		<pose>Unspecified</pose>
		<truncated>0</truncated>
		<difficult>0</difficult>
		<bndbox>
			<xmin>478</xmin>
			<ymin>244</ymin>
			<xmax>582</xmax>
			<ymax>459</ymax>
		</bndbox>
	</object>
	<object>
		<name>N.Fowleri Amoeba</name>
		<pose>Unspecified</pose>
		<truncated>0</truncated>
		<difficult>0</difficult>
		<bndbox>
			<xmin>587</xmin>
			<ymin>1034</ymin>
			<xmax>673</xmax>
			<ymax>1142</ymax>
		</bndbox>
	</object>
</annotation>
