<annotation>
	<folder>images</folder>
	<filename>50.jpg</filename>
	<path>C:\Users\Administrator\Desktop\ProFowCombined\images\50.jpg</path>
	<source>
		<database>Unknown</database>
	</source>
	<size>
		<width>1024</width>
		<height>1536</height>
		<depth>3</depth>
	</size>
	<segmented>0</segmented>
	<object>
		<name>Proteus Amoeba</name>
		<pose>Unspecified</pose>
		<truncated>0</truncated>
		<difficult>0</difficult>
		<bndbox>
			<xmin>346</xmin>
			<ymin>488</ymin>
			<xmax>594</xmax>
			<ymax>593</ymax>
		</bndbox>
	</object>
	<object>
		<name>N.Fowleri Amoeba</name>
		<pose>Unspecified</pose>
		<truncated>0</truncated>
		<difficult>0</difficult>
		<bndbox>
			<xmin>276</xmin>
			<ymin>1072</ymin>
			<xmax>453</xmax>
			<ymax>1221</ymax>
		</bndbox>
	</object>
</annotation>
