<annotation>
	<folder>images</folder>
	<filename>54.jpg</filename>
	<path>C:\Users\Administrator\Desktop\ProFowCombined\images\54.jpg</path>
	<source>
		<database>Unknown</database>
	</source>
	<size>
		<width>1024</width>
		<height>1536</height>
		<depth>3</depth>
	</size>
	<segmented>0</segmented>
	<object>
		<name>Proteus Amoeba</name>
		<pose>Unspecified</pose>
		<truncated>0</truncated>
		<difficult>0</difficult>
		<bndbox>
			<xmin>768</xmin>
			<ymin>515</ymin>
			<xmax>891</xmax>
			<ymax>688</ymax>
		</bndbox>
	</object>
	<object>
		<name>N.Fowleri Amoeba</name>
		<pose>Unspecified</pose>
		<truncated>0</truncated>
		<difficult>0</difficult>
		<bndbox>
			<xmin>199</xmin>
			<ymin>1057</ymin>
			<xmax>356</xmax>
			<ymax>1277</ymax>
		</bndbox>
	</object>
</annotation>
