<annotation>
	<folder>images</folder>
	<filename>72.jpg</filename>
	<path>C:\Users\Administrator\Desktop\ProFowCombined\images\72.jpg</path>
	<source>
		<database>Unknown</database>
	</source>
	<size>
		<width>1024</width>
		<height>1536</height>
		<depth>3</depth>
	</size>
	<segmented>0</segmented>
	<object>
		<name>Proteus Amoeba</name>
		<pose>Unspecified</pose>
		<truncated>0</truncated>
		<difficult>0</difficult>
		<bndbox>
			<xmin>92</xmin>
			<ymin>260</ymin>
			<xmax>296</xmax>
			<ymax>423</ymax>
		</bndbox>
	</object>
	<object>
		<name>N.Fowleri Amoeba</name>
		<pose>Unspecified</pose>
		<truncated>0</truncated>
		<difficult>0</difficult>
		<bndbox>
			<xmin>609</xmin>
			<ymin>1067</ymin>
			<xmax>761</xmax>
			<ymax>1182</ymax>
		</bndbox>
	</object>
</annotation>
