<annotation>
	<folder>images</folder>
	<filename>169.jpg</filename>
	<path>F:\Jupyter\Projects_AmoebaDetection\amoebaDataset\images\169.jpg</path>
	<source>
		<database>Unknown</database>
	</source>
	<size>
		<width>1024</width>
		<height>768</height>
		<depth>3</depth>
	</size>
	<segmented>0</segmented>
	<object>
		<name>amoeba</name>
		<pose>Unspecified</pose>
		<truncated>0</truncated>
		<difficult>0</difficult>
		<bndbox>
			<xmin>272</xmin>
			<ymin>637</ymin>
			<xmax>448</xmax>
			<ymax>723</ymax>
		</bndbox>
	</object>
	<object>
		<name>amoeba</name>
		<pose>Unspecified</pose>
		<truncated>0</truncated>
		<difficult>0</difficult>
		<bndbox>
			<xmin>613</xmin>
			<ymin>140</ymin>
			<xmax>766</xmax>
			<ymax>251</ymax>
		</bndbox>
	</object>
	
</annotation>
