<annotation>
	<folder>images</folder>
	<filename>128.jpg</filename>
	<path>C:\Users\Administrator\Desktop\amoebaDetection\trainingDataset\images\128.jpg</path>
	<source>
		<database>Unknown</database>
	</source>
	<size>
		<width>1024</width>
		<height>768</height>
		<depth>3</depth>
	</size>
	<segmented>0</segmented>
	<object>
		<name>amoeba</name>
		<pose>Unspecified</pose>
		<truncated>0</truncated>
		<difficult>0</difficult>
		<bndbox>
			<xmin>185</xmin>
			<ymin>307</ymin>
			<xmax>263</xmax>
			<ymax>469</ymax>
		</bndbox>
	</object>
	<object>
		<name>amoeba</name>
		<pose>Unspecified</pose>
		<truncated>0</truncated>
		<difficult>0</difficult>
		<bndbox>
			<xmin>261</xmin>
			<ymin>526</ymin>
			<xmax>372</xmax>
			<ymax>685</ymax>
		</bndbox>
	</object>
	<object>
		<name>amoeba</name>
		<pose>Unspecified</pose>
		<truncated>0</truncated>
		<difficult>0</difficult>
		<bndbox>
			<xmin>465</xmin>
			<ymin>497</ymin>
			<xmax>552</xmax>
			<ymax>669</ymax>
		</bndbox>
	</object>
</annotation>
