<annotation>
	<folder>images</folder>
	<filename>136.jpg</filename>
	<path>C:\Users\Administrator\Desktop\amoebaDetection\trainingDataset\images\136.jpg</path>
	<source>
		<database>Unknown</database>
	</source>
	<size>
		<width>1024</width>
		<height>768</height>
		<depth>3</depth>
	</size>
	<segmented>0</segmented>
	<object>
		<name>amoeba</name>
		<pose>Unspecified</pose>
		<truncated>0</truncated>
		<difficult>0</difficult>
		<bndbox>
			<xmin>84</xmin>
			<ymin>249</ymin>
			<xmax>164</xmax>
			<ymax>340</ymax>
		</bndbox>
	</object>
	<object>
		<name>amoeba</name>
		<pose>Unspecified</pose>
		<truncated>0</truncated>
		<difficult>0</difficult>
		<bndbox>
			<xmin>493</xmin>
			<ymin>101</ymin>
			<xmax>682</xmax>
			<ymax>186</ymax>
		</bndbox>
	</object>
	<object>
		<name>amoeba</name>
		<pose>Unspecified</pose>
		<truncated>0</truncated>
		<difficult>0</difficult>
		<bndbox>
			<xmin>753</xmin>
			<ymin>492</ymin>
			<xmax>913</xmax>
			<ymax>642</ymax>
		</bndbox>
	</object>
</annotation>
