<annotation>
	<folder>images</folder>
	<filename>147.jpg</filename>
	<path>C:\Users\Administrator\Desktop\amoebaDetection\trainingDataset\images\147.jpg</path>
	<source>
		<database>Unknown</database>
	</source>
	<size>
		<width>1024</width>
		<height>768</height>
		<depth>3</depth>
	</size>
	<segmented>0</segmented>
	<object>
		<name>amoeba</name>
		<pose>Unspecified</pose>
		<truncated>0</truncated>
		<difficult>0</difficult>
		<bndbox>
			<xmin>152</xmin>
			<ymin>614</ymin>
			<xmax>280</xmax>
			<ymax>744</ymax>
		</bndbox>
	</object>
	<object>
		<name>amoeba</name>
		<pose>Unspecified</pose>
		<truncated>0</truncated>
		<difficult>0</difficult>
		<bndbox>
			<xmin>671</xmin>
			<ymin>169</ymin>
			<xmax>761</xmax>
			<ymax>275</ymax>
		</bndbox>
	</object>
</annotation>
