<annotation>
	<folder>images</folder>
	<filename>18.jpg</filename>
	<path>F:\Jupyter\Projects_AmoebaDetectionV2\amoebaDataset\images\18.jpg</path>
	<source>
		<database>Unknown</database>
	</source>
	<size>
		<width>1024</width>
		<height>768</height>
		<depth>3</depth>
	</size>
	<segmented>0</segmented>
	<object>
		<name>amoeba</name>
		<pose>Unspecified</pose>
		<truncated>0</truncated>
		<difficult>0</difficult>
		<bndbox>
			<xmin>40</xmin>
			<ymin>372</ymin>
			<xmax>213</xmax>
			<ymax>505</ymax>
		</bndbox>
	</object>
	<object>
		<name>amoeba</name>
		<pose>Unspecified</pose>
		<truncated>0</truncated>
		<difficult>0</difficult>
		<bndbox>
			<xmin>553</xmin>
			<ymin>578</ymin>
			<xmax>671</xmax>
			<ymax>708</ymax>
		</bndbox>
	</object>
	<object>
		<name>amoeba</name>
		<pose>Unspecified</pose>
		<truncated>0</truncated>
		<difficult>0</difficult>
		<bndbox>
			<xmin>918</xmin>
			<ymin>291</ymin>
			<xmax>1000</xmax>
			<ymax>449</ymax>
		</bndbox>
	</object>
</annotation>
