<annotation>
	<folder>images</folder>
	<filename>00212.jpg</filename>
	<path>F:\Jupyter\Projects_AmoebaDetectionV3\amoebaDataset\images\00212.jpg</path>
	<source>
		<database>Unknown</database>
	</source>
	<size>
		<width>1024</width>
		<height>768</height>
		<depth>3</depth>
	</size>
	<segmented>0</segmented>
	<object>
		<name>amoeba</name>
		<pose>Unspecified</pose>
		<truncated>0</truncated>
		<difficult>0</difficult>
		<bndbox>
			<xmin>405</xmin>
			<ymin>458</ymin>
			<xmax>541</xmax>
			<ymax>542</ymax>
		</bndbox>
	</object>
</annotation>
