<annotation>
	<folder>images</folder>
	<filename>00233.jpg</filename>
	<path>F:\Jupyter\Projects_AmoebaDetectionV3\amoebaDataset\images\00233.jpg</path>
	<source>
		<database>Unknown</database>
	</source>
	<size>
		<width>1024</width>
		<height>768</height>
		<depth>3</depth>
	</size>
	<segmented>0</segmented>
	<object>
		<name>amoeba</name>
		<pose>Unspecified</pose>
		<truncated>0</truncated>
		<difficult>0</difficult>
		<bndbox>
			<xmin>439</xmin>
			<ymin>188</ymin>
			<xmax>559</xmax>
			<ymax>258</ymax>
		</bndbox>
	</object>
	<object>
		<name>amoeba</name>
		<pose>Unspecified</pose>
		<truncated>0</truncated>
		<difficult>0</difficult>
		<bndbox>
			<xmin>424</xmin>
			<ymin>618</ymin>
			<xmax>631</xmax>
			<ymax>728</ymax>
		</bndbox>
	</object>
</annotation>
