<annotation>
	<folder>images</folder>
	<filename>195.jpg</filename>
	<path>C:\Users\Administrator\Desktop\amoebaDataset\maskrcnn-dataset\trainingDataset\images\195.jpg</path>
	<source>
		<database>Unknown</database>
	</source>
	<size>
		<width>1024</width>
		<height>768</height>
		<depth>3</depth>
	</size>
	<segmented>0</segmented>
	<object>
		<name>amoeba</name>
		<pose>Unspecified</pose>
		<truncated>0</truncated>
		<difficult>0</difficult>
		<bndbox>
			<xmin>481</xmin>
			<ymin>243</ymin>
			<xmax>582</xmax>
			<ymax>448</ymax>
		</bndbox>
	</object>
</annotation>
