<annotation>
	<folder>images</folder>
	<filename>34.jpg</filename>
	<path>C:\Users\Administrator\Desktop\amoebaDetection\trainingDataset\images\34.jpg</path>
	<source>
		<database>Unknown</database>
	</source>
	<size>
		<width>1024</width>
		<height>768</height>
		<depth>3</depth>
	</size>
	<segmented>0</segmented>
	<object>
		<name>amoeba</name>
		<pose>Unspecified</pose>
		<truncated>0</truncated>
		<difficult>0</difficult>
		<bndbox>
			<xmin>256</xmin>
			<ymin>283</ymin>
			<xmax>346</xmax>
			<ymax>377</ymax>
		</bndbox>
	</object>
	<object>
		<name>amoeba</name>
		<pose>Unspecified</pose>
		<truncated>0</truncated>
		<difficult>0</difficult>
		<bndbox>
			<xmin>753</xmin>
			<ymin>341</ymin>
			<xmax>858</xmax>
			<ymax>501</ymax>
		</bndbox>
	</object>
	<object>
		<name>amoeba</name>
		<pose>Unspecified</pose>
		<truncated>0</truncated>
		<difficult>0</difficult>
		<bndbox>
			<xmin>676</xmin>
			<ymin>497</ymin>
			<xmax>772</xmax>
			<ymax>564</ymax>
		</bndbox>
	</object>
</annotation>
