<annotation>
	<folder>images</folder>
	<filename>1.jpg</filename>
	<path>C:\Users\Administrator\Desktop\ProFowCombined\images\1.jpg</path>
	<source>
		<database>Unknown</database>
	</source>
	<size>
		<width>1024</width>
		<height>1536</height>
		<depth>3</depth>
	</size>
	<segmented>0</segmented>
	<object>
		<name>Proteus Amoeba</name>
		<pose>Unspecified</pose>
		<truncated>0</truncated>
		<difficult>0</difficult>
		<bndbox>
			<xmin>232</xmin>
			<ymin>434</ymin>
			<xmax>348</xmax>
			<ymax>590</ymax>
		</bndbox>
	</object>
	<object>
		<name>N.Fowleri Amoeba</name>
		<pose>Unspecified</pose>
		<truncated>0</truncated>
		<difficult>0</difficult>
		<bndbox>
			<xmin>338</xmin>
			<ymin>1101</ymin>
			<xmax>440</xmax>
			<ymax>1200</ymax>
		</bndbox>
	</object>
</annotation>
