<annotation>
	<folder>images</folder>
	<filename>10.jpg</filename>
	<path>C:\Users\Administrator\Desktop\ProFowCombined\images\10.jpg</path>
	<source>
		<database>Unknown</database>
	</source>
	<size>
		<width>1024</width>
		<height>1536</height>
		<depth>3</depth>
	</size>
	<segmented>0</segmented>
	<object>
		<name>Proteus Amoeba</name>
		<pose>Unspecified</pose>
		<truncated>0</truncated>
		<difficult>0</difficult>
		<bndbox>
			<xmin>379</xmin>
			<ymin>228</ymin>
			<xmax>496</xmax>
			<ymax>392</ymax>
		</bndbox>
	</object>
	<object>
		<name>N.Fowleri Amoeba</name>
		<pose>Unspecified</pose>
		<truncated>0</truncated>
		<difficult>0</difficult>
		<bndbox>
			<xmin>155</xmin>
			<ymin>947</ymin>
			<xmax>294</xmax>
			<ymax>1131</ymax>
		</bndbox>
	</object>
</annotation>
