<annotation>
	<folder>images</folder>
	<filename>11.jpg</filename>
	<path>C:\Users\Administrator\Desktop\ProFowCombined\images\11.jpg</path>
	<source>
		<database>Unknown</database>
	</source>
	<size>
		<width>1024</width>
		<height>1536</height>
		<depth>3</depth>
	</size>
	<segmented>0</segmented>
	<object>
		<name>Proteus Amoeba</name>
		<pose>Unspecified</pose>
		<truncated>0</truncated>
		<difficult>0</difficult>
		<bndbox>
			<xmin>620</xmin>
			<ymin>474</ymin>
			<xmax>796</xmax>
			<ymax>610</ymax>
		</bndbox>
	</object>
	<object>
		<name>N.Fowleri Amoeba</name>
		<pose>Unspecified</pose>
		<truncated>0</truncated>
		<difficult>0</difficult>
		<bndbox>
			<xmin>130</xmin>
			<ymin>941</ymin>
			<xmax>269</xmax>
			<ymax>1113</ymax>
		</bndbox>
	</object>
</annotation>
