<annotation>
	<folder>images</folder>
	<filename>12.jpg</filename>
	<path>C:\Users\Administrator\Desktop\ProFowCombined\images\12.jpg</path>
	<source>
		<database>Unknown</database>
	</source>
	<size>
		<width>1024</width>
		<height>1536</height>
		<depth>3</depth>
	</size>
	<segmented>0</segmented>
	<object>
		<name>Proteus Amoeba</name>
		<pose>Unspecified</pose>
		<truncated>0</truncated>
		<difficult>0</difficult>
		<bndbox>
			<xmin>460</xmin>
			<ymin>228</ymin>
			<xmax>651</xmax>
			<ymax>356</ymax>
		</bndbox>
	</object>
	<object>
		<name>Proteus Amoeba</name>
		<pose>Unspecified</pose>
		<truncated>0</truncated>
		<difficult>0</difficult>
		<bndbox>
			<xmin>582</xmin>
			<ymin>382</ymin>
			<xmax>707</xmax>
			<ymax>623</ymax>
		</bndbox>
	</object>
	<object>
		<name>N.Fowleri Amoeba</name>
		<pose>Unspecified</pose>
		<truncated>0</truncated>
		<difficult>0</difficult>
		<bndbox>
			<xmin>384</xmin>
			<ymin>1164</ymin>
			<xmax>497</xmax>
			<ymax>1257</ymax>
		</bndbox>
	</object>
</annotation>
