<annotation>
	<folder>images</folder>
	<filename>13.jpg</filename>
	<path>C:\Users\Administrator\Desktop\ProFowCombined\images\13.jpg</path>
	<source>
		<database>Unknown</database>
	</source>
	<size>
		<width>1024</width>
		<height>1536</height>
		<depth>3</depth>
	</size>
	<segmented>0</segmented>
	<object>
		<name>Proteus Amoeba</name>
		<pose>Unspecified</pose>
		<truncated>0</truncated>
		<difficult>0</difficult>
		<bndbox>
			<xmin>397</xmin>
			<ymin>324</ymin>
			<xmax>530</xmax>
			<ymax>457</ymax>
		</bndbox>
	</object>
	<object>
		<name>N.Fowleri Amoeba</name>
		<pose>Unspecified</pose>
		<truncated>0</truncated>
		<difficult>0</difficult>
		<bndbox>
			<xmin>145</xmin>
			<ymin>954</ymin>
			<xmax>273</xmax>
			<ymax>1111</ymax>
		</bndbox>
	</object>
</annotation>
