<annotation>
	<folder>images</folder>
	<filename>14.jpg</filename>
	<path>C:\Users\Administrator\Desktop\ProFowCombined\images\14.jpg</path>
	<source>
		<database>Unknown</database>
	</source>
	<size>
		<width>1024</width>
		<height>1536</height>
		<depth>3</depth>
	</size>
	<segmented>0</segmented>
	<object>
		<name>Proteus Amoeba</name>
		<pose>Unspecified</pose>
		<truncated>0</truncated>
		<difficult>0</difficult>
		<bndbox>
			<xmin>389</xmin>
			<ymin>256</ymin>
			<xmax>491</xmax>
			<ymax>428</ymax>
		</bndbox>
	</object>
	<object>
		<name>N.Fowleri Amoeba</name>
		<pose>Unspecified</pose>
		<truncated>0</truncated>
		<difficult>0</difficult>
		<bndbox>
			<xmin>205</xmin>
			<ymin>921</ymin>
			<xmax>320</xmax>
			<ymax>1041</ymax>
		</bndbox>
	</object>
</annotation>
