<annotation>
	<folder>images</folder>
	<filename>15.jpg</filename>
	<path>C:\Users\Administrator\Desktop\ProFowCombined\images\15.jpg</path>
	<source>
		<database>Unknown</database>
	</source>
	<size>
		<width>1024</width>
		<height>1536</height>
		<depth>3</depth>
	</size>
	<segmented>0</segmented>
	<object>
		<name>Proteus Amoeba</name>
		<pose>Unspecified</pose>
		<truncated>0</truncated>
		<difficult>0</difficult>
		<bndbox>
			<xmin>445</xmin>
			<ymin>508</ymin>
			<xmax>555</xmax>
			<ymax>615</ymax>
		</bndbox>
	</object>
	<object>
		<name>N.Fowleri Amoeba</name>
		<pose>Unspecified</pose>
		<truncated>0</truncated>
		<difficult>0</difficult>
		<bndbox>
			<xmin>578</xmin>
			<ymin>1283</ymin>
			<xmax>712</xmax>
			<ymax>1406</ymax>
		</bndbox>
	</object>
</annotation>
