<annotation>
	<folder>images</folder>
	<filename>16.jpg</filename>
	<path>C:\Users\Administrator\Desktop\ProFowCombined\images\16.jpg</path>
	<source>
		<database>Unknown</database>
	</source>
	<size>
		<width>1024</width>
		<height>1536</height>
		<depth>3</depth>
	</size>
	<segmented>0</segmented>
	<object>
		<name>Proteus Amoeba</name>
		<pose>Unspecified</pose>
		<truncated>0</truncated>
		<difficult>0</difficult>
		<bndbox>
			<xmin>246</xmin>
			<ymin>657</ymin>
			<xmax>392</xmax>
			<ymax>741</ymax>
		</bndbox>
	</object>
	<object>
		<name>N.Fowleri Amoeba</name>
		<pose>Unspecified</pose>
		<truncated>0</truncated>
		<difficult>0</difficult>
		<bndbox>
			<xmin>586</xmin>
			<ymin>1269</ymin>
			<xmax>707</xmax>
			<ymax>1400</ymax>
		</bndbox>
	</object>
</annotation>
