<annotation>
	<folder>images</folder>
	<filename>17.jpg</filename>
	<path>C:\Users\Administrator\Desktop\ProFowCombined\images\17.jpg</path>
	<source>
		<database>Unknown</database>
	</source>
	<size>
		<width>1024</width>
		<height>1536</height>
		<depth>3</depth>
	</size>
	<segmented>0</segmented>
	<object>
		<name>Proteus Amoeba</name>
		<pose>Unspecified</pose>
		<truncated>0</truncated>
		<difficult>0</difficult>
		<bndbox>
			<xmin>397</xmin>
			<ymin>403</ymin>
			<xmax>614</xmax>
			<ymax>511</ymax>
		</bndbox>
	</object>
	<object>
		<name>N.Fowleri Amoeba</name>
		<pose>Unspecified</pose>
		<truncated>0</truncated>
		<difficult>0</difficult>
		<bndbox>
			<xmin>369</xmin>
			<ymin>1128</ymin>
			<xmax>451</xmax>
			<ymax>1229</ymax>
		</bndbox>
	</object>
</annotation>
