<annotation>
	<folder>images</folder>
	<filename>18.jpg</filename>
	<path>C:\Users\Administrator\Desktop\ProFowCombined\images\18.jpg</path>
	<source>
		<database>Unknown</database>
	</source>
	<size>
		<width>1024</width>
		<height>1536</height>
		<depth>3</depth>
	</size>
	<segmented>0</segmented>
	<object>
		<name>Proteus Amoeba</name>
		<pose>Unspecified</pose>
		<truncated>0</truncated>
		<difficult>0</difficult>
		<bndbox>
			<xmin>391</xmin>
			<ymin>515</ymin>
			<xmax>563</xmax>
			<ymax>613</ymax>
		</bndbox>
	</object>
	<object>
		<name>N.Fowleri Amoeba</name>
		<pose>Unspecified</pose>
		<truncated>0</truncated>
		<difficult>0</difficult>
		<bndbox>
			<xmin>348</xmin>
			<ymin>1101</ymin>
			<xmax>446</xmax>
			<ymax>1220</ymax>
		</bndbox>
	</object>
</annotation>
