<annotation>
	<folder>images</folder>
	<filename>63.jpg</filename>
	<path>C:\Users\Administrator\Desktop\ProFowCombined\images\63.jpg</path>
	<source>
		<database>Unknown</database>
	</source>
	<size>
		<width>1024</width>
		<height>1536</height>
		<depth>3</depth>
	</size>
	<segmented>0</segmented>
	<object>
		<name>Proteus Amoeba</name>
		<pose>Unspecified</pose>
		<truncated>0</truncated>
		<difficult>0</difficult>
		<bndbox>
			<xmin>194</xmin>
			<ymin>338</ymin>
			<xmax>301</xmax>
			<ymax>479</ymax>
		</bndbox>
	</object>
	<object>
		<name>N.Fowleri Amoeba</name>
		<pose>Unspecified</pose>
		<truncated>0</truncated>
		<difficult>0</difficult>
		<bndbox>
			<xmin>451</xmin>
			<ymin>941</ymin>
			<xmax>560</xmax>
			<ymax>1146</ymax>
		</bndbox>
	</object>
</annotation>
