<annotation>
	<folder>images</folder>
	<filename>21.jpg</filename>
	<path>C:\Users\Administrator\Desktop\ProFowCombined\images\21.jpg</path>
	<source>
		<database>Unknown</database>
	</source>
	<size>
		<width>1024</width>
		<height>1536</height>
		<depth>3</depth>
	</size>
	<segmented>0</segmented>
	<object>
		<name>Proteus Amoeba</name>
		<pose>Unspecified</pose>
		<truncated>0</truncated>
		<difficult>0</difficult>
		<bndbox>
			<xmin>543</xmin>
			<ymin>211</ymin>
			<xmax>709</xmax>
			<ymax>364</ymax>
		</bndbox>
	</object>
	<object>
		<name>N.Fowleri Amoeba</name>
		<pose>Unspecified</pose>
		<truncated>0</truncated>
		<difficult>0</difficult>
		<bndbox>
			<xmin>117</xmin>
			<ymin>1069</ymin>
			<xmax>214</xmax>
			<ymax>1179</ymax>
		</bndbox>
	</object>
</annotation>
