<annotation>
	<folder>images</folder>
	<filename>22.jpg</filename>
	<path>C:\Users\Administrator\Desktop\ProFowCombined\images\22.jpg</path>
	<source>
		<database>Unknown</database>
	</source>
	<size>
		<width>1024</width>
		<height>1536</height>
		<depth>3</depth>
	</size>
	<segmented>0</segmented>
	<object>
		<name>Proteus Amoeba</name>
		<pose>Unspecified</pose>
		<truncated>0</truncated>
		<difficult>0</difficult>
		<bndbox>
			<xmin>786</xmin>
			<ymin>472</ymin>
			<xmax>897</xmax>
			<ymax>615</ymax>
		</bndbox>
	</object>
	<object>
		<name>N.Fowleri Amoeba</name>
		<pose>Unspecified</pose>
		<truncated>0</truncated>
		<difficult>0</difficult>
		<bndbox>
			<xmin>589</xmin>
			<ymin>1062</ymin>
			<xmax>748</xmax>
			<ymax>1152</ymax>
		</bndbox>
	</object>
</annotation>
