<annotation>
	<folder>images</folder>
	<filename>23.jpg</filename>
	<path>C:\Users\Administrator\Desktop\ProFowCombined\images\23.jpg</path>
	<source>
		<database>Unknown</database>
	</source>
	<size>
		<width>1024</width>
		<height>1536</height>
		<depth>3</depth>
	</size>
	<segmented>0</segmented>
	<object>
		<name>Proteus Amoeba</name>
		<pose>Unspecified</pose>
		<truncated>0</truncated>
		<difficult>0</difficult>
		<bndbox>
			<xmin>141</xmin>
			<ymin>528</ymin>
			<xmax>261</xmax>
			<ymax>674</ymax>
		</bndbox>
	</object>
	<object>
		<name>N.Fowleri Amoeba</name>
		<pose>Unspecified</pose>
		<truncated>0</truncated>
		<difficult>0</difficult>
		<bndbox>
			<xmin>479</xmin>
			<ymin>1329</ymin>
			<xmax>582</xmax>
			<ymax>1423</ymax>
		</bndbox>
	</object>
</annotation>
