<annotation>
	<folder>images</folder>
	<filename>65.jpg</filename>
	<path>C:\Users\Administrator\Desktop\ProFowCombined\images\65.jpg</path>
	<source>
		<database>Unknown</database>
	</source>
	<size>
		<width>1024</width>
		<height>1536</height>
		<depth>3</depth>
	</size>
	<segmented>0</segmented>
	<object>
		<name>Proteus Amoeba</name>
		<pose>Unspecified</pose>
		<truncated>0</truncated>
		<difficult>0</difficult>
		<bndbox>
			<xmin>509</xmin>
			<ymin>333</ymin>
			<xmax>661</xmax>
			<ymax>482</ymax>
		</bndbox>
	</object>
	<object>
		<name>N.Fowleri Amoeba</name>
		<pose>Unspecified</pose>
		<truncated>0</truncated>
		<difficult>0</difficult>
		<bndbox>
			<xmin>464</xmin>
			<ymin>1092</ymin>
			<xmax>617</xmax>
			<ymax>1241</ymax>
		</bndbox>
	</object>
</annotation>
