<annotation>
	<folder>images</folder>
	<filename>25.jpg</filename>
	<path>C:\Users\Administrator\Desktop\ProFowCombined\images\25.jpg</path>
	<source>
		<database>Unknown</database>
	</source>
	<size>
		<width>1024</width>
		<height>1536</height>
		<depth>3</depth>
	</size>
	<segmented>0</segmented>
	<object>
		<name>Proteus Amoeba</name>
		<pose>Unspecified</pose>
		<truncated>0</truncated>
		<difficult>0</difficult>
		<bndbox>
			<xmin>486</xmin>
			<ymin>429</ymin>
			<xmax>619</xmax>
			<ymax>549</ymax>
		</bndbox>
	</object>
	<object>
		<name>N.Fowleri Amoeba</name>
		<pose>Unspecified</pose>
		<truncated>0</truncated>
		<difficult>0</difficult>
		<bndbox>
			<xmin>202</xmin>
			<ymin>972</ymin>
			<xmax>323</xmax>
			<ymax>1164</ymax>
		</bndbox>
	</object>
</annotation>
