<annotation>
	<folder>images</folder>
	<filename>26.jpg</filename>
	<path>C:\Users\Administrator\Desktop\ProFowCombined\images\26.jpg</path>
	<source>
		<database>Unknown</database>
	</source>
	<size>
		<width>1024</width>
		<height>1536</height>
		<depth>3</depth>
	</size>
	<segmented>0</segmented>
	<object>
		<name>Proteus Amoeba</name>
		<pose>Unspecified</pose>
		<truncated>0</truncated>
		<difficult>0</difficult>
		<bndbox>
			<xmin>545</xmin>
			<ymin>200</ymin>
			<xmax>697</xmax>
			<ymax>318</ymax>
		</bndbox>
	</object>
	<object>
		<name>N.Fowleri Amoeba</name>
		<pose>Unspecified</pose>
		<truncated>0</truncated>
		<difficult>0</difficult>
		<bndbox>
			<xmin>196</xmin>
			<ymin>983</ymin>
			<xmax>327</xmax>
			<ymax>1162</ymax>
		</bndbox>
	</object>
</annotation>
