<annotation>
	<folder>images</folder>
	<filename>27.jpg</filename>
	<path>C:\Users\Administrator\Desktop\ProFowCombined\images\27.jpg</path>
	<source>
		<database>Unknown</database>
	</source>
	<size>
		<width>1024</width>
		<height>1536</height>
		<depth>3</depth>
	</size>
	<segmented>0</segmented>
	<object>
		<name>Proteus Amoeba</name>
		<pose>Unspecified</pose>
		<truncated>0</truncated>
		<difficult>0</difficult>
		<bndbox>
			<xmin>384</xmin>
			<ymin>406</ymin>
			<xmax>579</xmax>
			<ymax>533</ymax>
		</bndbox>
	</object>
	<object>
		<name>N.Fowleri Amoeba</name>
		<pose>Unspecified</pose>
		<truncated>0</truncated>
		<difficult>0</difficult>
		<bndbox>
			<xmin>196</xmin>
			<ymin>982</ymin>
			<xmax>322</xmax>
			<ymax>1156</ymax>
		</bndbox>
	</object>
</annotation>
