<annotation>
	<folder>images</folder>
	<filename>28.jpg</filename>
	<path>C:\Users\Administrator\Desktop\ProFowCombined\images\28.jpg</path>
	<source>
		<database>Unknown</database>
	</source>
	<size>
		<width>1024</width>
		<height>1536</height>
		<depth>3</depth>
	</size>
	<segmented>0</segmented>
	<object>
		<name>Proteus Amoeba</name>
		<pose>Unspecified</pose>
		<truncated>0</truncated>
		<difficult>0</difficult>
		<bndbox>
			<xmin>445</xmin>
			<ymin>344</ymin>
			<xmax>564</xmax>
			<ymax>542</ymax>
		</bndbox>
	</object>
	<object>
		<name>N.Fowleri Amoeba</name>
		<pose>Unspecified</pose>
		<truncated>0</truncated>
		<difficult>0</difficult>
		<bndbox>
			<xmin>184</xmin>
			<ymin>1139</ymin>
			<xmax>294</xmax>
			<ymax>1254</ymax>
		</bndbox>
	</object>
</annotation>
