<annotation>
	<folder>images</folder>
	<filename>29.jpg</filename>
	<path>C:\Users\Administrator\Desktop\ProFowCombined\images\29.jpg</path>
	<source>
		<database>Unknown</database>
	</source>
	<size>
		<width>1024</width>
		<height>1536</height>
		<depth>3</depth>
	</size>
	<segmented>0</segmented>
	<object>
		<name>Proteus Amoeba</name>
		<pose>Unspecified</pose>
		<truncated>0</truncated>
		<difficult>0</difficult>
		<bndbox>
			<xmin>378</xmin>
			<ymin>459</ymin>
			<xmax>555</xmax>
			<ymax>623</ymax>
		</bndbox>
	</object>
	<object>
		<name>N.Fowleri Amoeba</name>
		<pose>Unspecified</pose>
		<truncated>0</truncated>
		<difficult>0</difficult>
		<bndbox>
			<xmin>158</xmin>
			<ymin>1147</ymin>
			<xmax>310</xmax>
			<ymax>1259</ymax>
		</bndbox>
	</object>
</annotation>
