<annotation>
	<folder>images</folder>
	<filename>3.jpg</filename>
	<path>C:\Users\Administrator\Desktop\ProFowCombined\images\3.jpg</path>
	<source>
		<database>Unknown</database>
	</source>
	<size>
		<width>1024</width>
		<height>1536</height>
		<depth>3</depth>
	</size>
	<segmented>0</segmented>
	<object>
		<name>Proteus Amoeba</name>
		<pose>Unspecified</pose>
		<truncated>0</truncated>
		<difficult>0</difficult>
		<bndbox>
			<xmin>605</xmin>
			<ymin>392</ymin>
			<xmax>745</xmax>
			<ymax>564</ymax>
		</bndbox>
	</object>
	<object>
		<name>N.Fowleri Amoeba</name>
		<pose>Unspecified</pose>
		<truncated>0</truncated>
		<difficult>0</difficult>
		<bndbox>
			<xmin>487</xmin>
			<ymin>1182</ymin>
			<xmax>584</xmax>
			<ymax>1279</ymax>
		</bndbox>
	</object>
</annotation>
