<annotation>
	<folder>images</folder>
	<filename>30.jpg</filename>
	<path>C:\Users\Administrator\Desktop\ProFowCombined\images\30.jpg</path>
	<source>
		<database>Unknown</database>
	</source>
	<size>
		<width>1024</width>
		<height>1536</height>
		<depth>3</depth>
	</size>
	<segmented>0</segmented>
	<object>
		<name>Proteus Amoeba</name>
		<pose>Unspecified</pose>
		<truncated>0</truncated>
		<difficult>0</difficult>
		<bndbox>
			<xmin>415</xmin>
			<ymin>320</ymin>
			<xmax>497</xmax>
			<ymax>498</ymax>
		</bndbox>
	</object>
	<object>
		<name>N.Fowleri Amoeba</name>
		<pose>Unspecified</pose>
		<truncated>0</truncated>
		<difficult>0</difficult>
		<bndbox>
			<xmin>182</xmin>
			<ymin>1165</ymin>
			<xmax>322</xmax>
			<ymax>1270</ymax>
		</bndbox>
	</object>
</annotation>
