<annotation>
	<folder>images</folder>
	<filename>31.jpg</filename>
	<path>C:\Users\Administrator\Desktop\ProFowCombined\images\31.jpg</path>
	<source>
		<database>Unknown</database>
	</source>
	<size>
		<width>1024</width>
		<height>1536</height>
		<depth>3</depth>
	</size>
	<segmented>0</segmented>
	<object>
		<name>Proteus Amoeba</name>
		<pose>Unspecified</pose>
		<truncated>0</truncated>
		<difficult>0</difficult>
		<bndbox>
			<xmin>522</xmin>
			<ymin>401</ymin>
			<xmax>728</xmax>
			<ymax>538</ymax>
		</bndbox>
	</object>
	<object>
		<name>N.Fowleri Amoeba</name>
		<pose>Unspecified</pose>
		<truncated>0</truncated>
		<difficult>0</difficult>
		<bndbox>
			<xmin>384</xmin>
			<ymin>998</ymin>
			<xmax>519</xmax>
			<ymax>1139</ymax>
		</bndbox>
	</object>
</annotation>
