<annotation>
	<folder>images</folder>
	<filename>32.jpg</filename>
	<path>C:\Users\Administrator\Desktop\ProFowCombined\images\32.jpg</path>
	<source>
		<database>Unknown</database>
	</source>
	<size>
		<width>1024</width>
		<height>1536</height>
		<depth>3</depth>
	</size>
	<segmented>0</segmented>
	<object>
		<name>Proteus Amoeba</name>
		<pose>Unspecified</pose>
		<truncated>0</truncated>
		<difficult>0</difficult>
		<bndbox>
			<xmin>466</xmin>
			<ymin>460</ymin>
			<xmax>612</xmax>
			<ymax>646</ymax>
		</bndbox>
	</object>
	<object>
		<name>N.Fowleri Amoeba</name>
		<pose>Unspecified</pose>
		<truncated>0</truncated>
		<difficult>0</difficult>
		<bndbox>
			<xmin>378</xmin>
			<ymin>995</ymin>
			<xmax>525</xmax>
			<ymax>1138</ymax>
		</bndbox>
	</object>
</annotation>
