<annotation>
	<folder>images</folder>
	<filename>33.jpg</filename>
	<path>C:\Users\Administrator\Desktop\ProFowCombined\images\33.jpg</path>
	<source>
		<database>Unknown</database>
	</source>
	<size>
		<width>1024</width>
		<height>1536</height>
		<depth>3</depth>
	</size>
	<segmented>0</segmented>
	<object>
		<name>Proteus Amoeba</name>
		<pose>Unspecified</pose>
		<truncated>0</truncated>
		<difficult>0</difficult>
		<bndbox>
			<xmin>378</xmin>
			<ymin>415</ymin>
			<xmax>532</xmax>
			<ymax>565</ymax>
		</bndbox>
	</object>
	<object>
		<name>N.Fowleri Amoeba</name>
		<pose>Unspecified</pose>
		<truncated>0</truncated>
		<difficult>0</difficult>
		<bndbox>
			<xmin>589</xmin>
			<ymin>1052</ymin>
			<xmax>750</xmax>
			<ymax>1162</ymax>
		</bndbox>
	</object>
</annotation>
