<annotation>
	<folder>images</folder>
	<filename>34.jpg</filename>
	<path>C:\Users\Administrator\Desktop\ProFowCombined\images\34.jpg</path>
	<source>
		<database>Unknown</database>
	</source>
	<size>
		<width>1024</width>
		<height>1536</height>
		<depth>3</depth>
	</size>
	<segmented>0</segmented>
	<object>
		<name>Proteus Amoeba</name>
		<pose>Unspecified</pose>
		<truncated>0</truncated>
		<difficult>0</difficult>
		<bndbox>
			<xmin>164</xmin>
			<ymin>201</ymin>
			<xmax>327</xmax>
			<ymax>375</ymax>
		</bndbox>
	</object>
	<object>
		<name>Proteus Amoeba</name>
		<pose>Unspecified</pose>
		<truncated>0</truncated>
		<difficult>0</difficult>
		<bndbox>
			<xmin>476</xmin>
			<ymin>565</ymin>
			<xmax>633</xmax>
			<ymax>697</ymax>
		</bndbox>
	</object>
	<object>
		<name>N.Fowleri Amoeba</name>
		<pose>Unspecified</pose>
		<truncated>0</truncated>
		<difficult>0</difficult>
		<bndbox>
			<xmin>432</xmin>
			<ymin>1201</ymin>
			<xmax>532</xmax>
			<ymax>1311</ymax>
		</bndbox>
	</object>
</annotation>
