<annotation>
	<folder>images</folder>
	<filename>35.jpg</filename>
	<path>C:\Users\Administrator\Desktop\ProFowCombined\images\35.jpg</path>
	<source>
		<database>Unknown</database>
	</source>
	<size>
		<width>1024</width>
		<height>1536</height>
		<depth>3</depth>
	</size>
	<segmented>0</segmented>
	<object>
		<name>Proteus Amoeba</name>
		<pose>Unspecified</pose>
		<truncated>0</truncated>
		<difficult>0</difficult>
		<bndbox>
			<xmin>576</xmin>
			<ymin>513</ymin>
			<xmax>707</xmax>
			<ymax>692</ymax>
		</bndbox>
	</object>
	<object>
		<name>N.Fowleri Amoeba</name>
		<pose>Unspecified</pose>
		<truncated>0</truncated>
		<difficult>0</difficult>
		<bndbox>
			<xmin>289</xmin>
			<ymin>1290</ymin>
			<xmax>402</xmax>
			<ymax>1433</ymax>
		</bndbox>
	</object>
</annotation>
