<annotation>
	<folder>images</folder>
	<filename>36.jpg</filename>
	<path>C:\Users\Administrator\Desktop\ProFowCombined\images\36.jpg</path>
	<source>
		<database>Unknown</database>
	</source>
	<size>
		<width>1024</width>
		<height>1536</height>
		<depth>3</depth>
	</size>
	<segmented>0</segmented>
	<object>
		<name>Proteus Amoeba</name>
		<pose>Unspecified</pose>
		<truncated>0</truncated>
		<difficult>0</difficult>
		<bndbox>
			<xmin>422</xmin>
			<ymin>275</ymin>
			<xmax>609</xmax>
			<ymax>428</ymax>
		</bndbox>
	</object>
	<object>
		<name>N.Fowleri Amoeba</name>
		<pose>Unspecified</pose>
		<truncated>0</truncated>
		<difficult>0</difficult>
		<bndbox>
			<xmin>197</xmin>
			<ymin>1339</ymin>
			<xmax>332</xmax>
			<ymax>1467</ymax>
		</bndbox>
	</object>
</annotation>
