<annotation>
	<folder>images</folder>
	<filename>37.jpg</filename>
	<path>C:\Users\Administrator\Desktop\ProFowCombined\images\37.jpg</path>
	<source>
		<database>Unknown</database>
	</source>
	<size>
		<width>1024</width>
		<height>1536</height>
		<depth>3</depth>
	</size>
	<segmented>0</segmented>
	<object>
		<name>Proteus Amoeba</name>
		<pose>Unspecified</pose>
		<truncated>0</truncated>
		<difficult>0</difficult>
		<bndbox>
			<xmin>379</xmin>
			<ymin>295</ymin>
			<xmax>632</xmax>
			<ymax>464</ymax>
		</bndbox>
	</object>
	<object>
		<name>N.Fowleri Amoeba</name>
		<pose>Unspecified</pose>
		<truncated>0</truncated>
		<difficult>0</difficult>
		<bndbox>
			<xmin>412</xmin>
			<ymin>975</ymin>
			<xmax>528</xmax>
			<ymax>1141</ymax>
		</bndbox>
	</object>
</annotation>
