<annotation>
	<folder>images</folder>
	<filename>38.jpg</filename>
	<path>C:\Users\Administrator\Desktop\ProFowCombined\images\38.jpg</path>
	<source>
		<database>Unknown</database>
	</source>
	<size>
		<width>1024</width>
		<height>1536</height>
		<depth>3</depth>
	</size>
	<segmented>0</segmented>
	<object>
		<name>Proteus Amoeba</name>
		<pose>Unspecified</pose>
		<truncated>0</truncated>
		<difficult>0</difficult>
		<bndbox>
			<xmin>310</xmin>
			<ymin>370</ymin>
			<xmax>510</xmax>
			<ymax>470</ymax>
		</bndbox>
	</object>
	<object>
		<name>N.Fowleri Amoeba</name>
		<pose>Unspecified</pose>
		<truncated>0</truncated>
		<difficult>0</difficult>
		<bndbox>
			<xmin>582</xmin>
			<ymin>1056</ymin>
			<xmax>755</xmax>
			<ymax>1157</ymax>
		</bndbox>
	</object>
</annotation>
