<annotation>
	<folder>images</folder>
	<filename>39.jpg</filename>
	<path>C:\Users\Administrator\Desktop\ProFowCombined\images\39.jpg</path>
	<source>
		<database>Unknown</database>
	</source>
	<size>
		<width>1024</width>
		<height>1536</height>
		<depth>3</depth>
	</size>
	<segmented>0</segmented>
	<object>
		<name>Proteus Amoeba</name>
		<pose>Unspecified</pose>
		<truncated>0</truncated>
		<difficult>0</difficult>
		<bndbox>
			<xmin>456</xmin>
			<ymin>342</ymin>
			<xmax>666</xmax>
			<ymax>433</ymax>
		</bndbox>
	</object>
	<object>
		<name>N.Fowleri Amoeba</name>
		<pose>Unspecified</pose>
		<truncated>0</truncated>
		<difficult>0</difficult>
		<bndbox>
			<xmin>555</xmin>
			<ymin>880</ymin>
			<xmax>719</xmax>
			<ymax>974</ymax>
		</bndbox>
	</object>
</annotation>
