<annotation>
	<folder>images</folder>
	<filename>4.jpg</filename>
	<path>C:\Users\Administrator\Desktop\ProFowCombined\images\4.jpg</path>
	<source>
		<database>Unknown</database>
	</source>
	<size>
		<width>1024</width>
		<height>1536</height>
		<depth>3</depth>
	</size>
	<segmented>0</segmented>
	<object>
		<name>Proteus Amoeba</name>
		<pose>Unspecified</pose>
		<truncated>0</truncated>
		<difficult>0</difficult>
		<bndbox>
			<xmin>43</xmin>
			<ymin>160</ymin>
			<xmax>171</xmax>
			<ymax>288</ymax>
		</bndbox>
	</object>
	<object>
		<name>N.Fowleri Amoeba</name>
		<pose>Unspecified</pose>
		<truncated>0</truncated>
		<difficult>0</difficult>
		<bndbox>
			<xmin>419</xmin>
			<ymin>1128</ymin>
			<xmax>540</xmax>
			<ymax>1244</ymax>
		</bndbox>
	</object>
</annotation>
