<annotation>
	<folder>images</folder>
	<filename>40.jpg</filename>
	<path>C:\Users\Administrator\Desktop\ProFowCombined\images\40.jpg</path>
	<source>
		<database>Unknown</database>
	</source>
	<size>
		<width>1024</width>
		<height>1536</height>
		<depth>3</depth>
	</size>
	<segmented>0</segmented>
	<object>
		<name>Proteus Amoeba</name>
		<pose>Unspecified</pose>
		<truncated>0</truncated>
		<difficult>0</difficult>
		<bndbox>
			<xmin>569</xmin>
			<ymin>513</ymin>
			<xmax>710</xmax>
			<ymax>633</ymax>
		</bndbox>
	</object>
	<object>
		<name>Proteus Amoeba</name>
		<pose>Unspecified</pose>
		<truncated>0</truncated>
		<difficult>0</difficult>
		<bndbox>
			<xmin>41</xmin>
			<ymin>415</ymin>
			<xmax>132</xmax>
			<ymax>623</ymax>
		</bndbox>
	</object>
	<object>
		<name>N.Fowleri Amoeba</name>
		<pose>Unspecified</pose>
		<truncated>0</truncated>
		<difficult>0</difficult>
		<bndbox>
			<xmin>558</xmin>
			<ymin>865</ymin>
			<xmax>709</xmax>
			<ymax>962</ymax>
		</bndbox>
	</object>
</annotation>
