<annotation>
	<folder>images</folder>
	<filename>41.jpg</filename>
	<path>C:\Users\Administrator\Desktop\ProFowCombined\images\41.jpg</path>
	<source>
		<database>Unknown</database>
	</source>
	<size>
		<width>1024</width>
		<height>1536</height>
		<depth>3</depth>
	</size>
	<segmented>0</segmented>
	<object>
		<name>Proteus Amoeba</name>
		<pose>Unspecified</pose>
		<truncated>0</truncated>
		<difficult>0</difficult>
		<bndbox>
			<xmin>119</xmin>
			<ymin>287</ymin>
			<xmax>327</xmax>
			<ymax>367</ymax>
		</bndbox>
	</object>
	<object>
		<name>N.Fowleri Amoeba</name>
		<pose>Unspecified</pose>
		<truncated>0</truncated>
		<difficult>0</difficult>
		<bndbox>
			<xmin>258</xmin>
			<ymin>1128</ymin>
			<xmax>414</xmax>
			<ymax>1239</ymax>
		</bndbox>
	</object>
</annotation>
