<annotation>
	<folder>images</folder>
	<filename>42.jpg</filename>
	<path>C:\Users\Administrator\Desktop\ProFowCombined\images\42.jpg</path>
	<source>
		<database>Unknown</database>
	</source>
	<size>
		<width>1024</width>
		<height>1536</height>
		<depth>3</depth>
	</size>
	<segmented>0</segmented>
	<object>
		<name>Proteus Amoeba</name>
		<pose>Unspecified</pose>
		<truncated>0</truncated>
		<difficult>0</difficult>
		<bndbox>
			<xmin>102</xmin>
			<ymin>246</ymin>
			<xmax>238</xmax>
			<ymax>379</ymax>
		</bndbox>
	</object>
	<object>
		<name>N.Fowleri Amoeba</name>
		<pose>Unspecified</pose>
		<truncated>0</truncated>
		<difficult>0</difficult>
		<bndbox>
			<xmin>222</xmin>
			<ymin>1064</ymin>
			<xmax>402</xmax>
			<ymax>1169</ymax>
		</bndbox>
	</object>
</annotation>
