<annotation>
	<folder>images</folder>
	<filename>44.jpg</filename>
	<path>C:\Users\Administrator\Desktop\ProFowCombined\images\44.jpg</path>
	<source>
		<database>Unknown</database>
	</source>
	<size>
		<width>1024</width>
		<height>1536</height>
		<depth>3</depth>
	</size>
	<segmented>0</segmented>
	<object>
		<name>Proteus Amoeba</name>
		<pose>Unspecified</pose>
		<truncated>0</truncated>
		<difficult>0</difficult>
		<bndbox>
			<xmin>407</xmin>
			<ymin>195</ymin>
			<xmax>563</xmax>
			<ymax>283</ymax>
		</bndbox>
	</object>
	<object>
		<name>N.Fowleri Amoeba</name>
		<pose>Unspecified</pose>
		<truncated>0</truncated>
		<difficult>0</difficult>
		<bndbox>
			<xmin>371</xmin>
			<ymin>1064</ymin>
			<xmax>553</xmax>
			<ymax>1187</ymax>
		</bndbox>
	</object>
</annotation>
