<annotation>
	<folder>images</folder>
	<filename>45.jpg</filename>
	<path>C:\Users\Administrator\Desktop\ProFowCombined\images\45.jpg</path>
	<source>
		<database>Unknown</database>
	</source>
	<size>
		<width>1024</width>
		<height>1536</height>
		<depth>3</depth>
	</size>
	<segmented>0</segmented>
	<object>
		<name>Proteus Amoeba</name>
		<pose>Unspecified</pose>
		<truncated>0</truncated>
		<difficult>0</difficult>
		<bndbox>
			<xmin>138</xmin>
			<ymin>577</ymin>
			<xmax>282</xmax>
			<ymax>698</ymax>
		</bndbox>
	</object>
	<object>
		<name>N.Fowleri Amoeba</name>
		<pose>Unspecified</pose>
		<truncated>0</truncated>
		<difficult>0</difficult>
		<bndbox>
			<xmin>461</xmin>
			<ymin>1288</ymin>
			<xmax>568</xmax>
			<ymax>1401</ymax>
		</bndbox>
	</object>
</annotation>
