<annotation>
	<folder>images</folder>
	<filename>67.jpg</filename>
	<path>C:\Users\Administrator\Desktop\ProFowCombined\images\67.jpg</path>
	<source>
		<database>Unknown</database>
	</source>
	<size>
		<width>1024</width>
		<height>1536</height>
		<depth>3</depth>
	</size>
	<segmented>0</segmented>
	<object>
		<name>Proteus Amoeba</name>
		<pose>Unspecified</pose>
		<truncated>0</truncated>
		<difficult>0</difficult>
		<bndbox>
			<xmin>689</xmin>
			<ymin>336</ymin>
			<xmax>840</xmax>
			<ymax>528</ymax>
		</bndbox>
	</object>
	<object>
		<name>N.Fowleri Amoeba</name>
		<pose>Unspecified</pose>
		<truncated>0</truncated>
		<difficult>0</difficult>
		<bndbox>
			<xmin>538</xmin>
			<ymin>1008</ymin>
			<xmax>633</xmax>
			<ymax>1100</ymax>
		</bndbox>
	</object>
</annotation>
