<annotation>
	<folder>images</folder>
	<filename>48.jpg</filename>
	<path>C:\Users\Administrator\Desktop\ProFowCombined\images\48.jpg</path>
	<source>
		<database>Unknown</database>
	</source>
	<size>
		<width>1024</width>
		<height>1536</height>
		<depth>3</depth>
	</size>
	<segmented>0</segmented>
	<object>
		<name>Proteus Amoeba</name>
		<pose>Unspecified</pose>
		<truncated>0</truncated>
		<difficult>0</difficult>
		<bndbox>
			<xmin>186</xmin>
			<ymin>256</ymin>
			<xmax>319</xmax>
			<ymax>410</ymax>
		</bndbox>
	</object>
	<object>
		<name>N.Fowleri Amoeba</name>
		<pose>Unspecified</pose>
		<truncated>0</truncated>
		<difficult>0</difficult>
		<bndbox>
			<xmin>582</xmin>
			<ymin>1029</ymin>
			<xmax>737</xmax>
			<ymax>1151</ymax>
		</bndbox>
	</object>
</annotation>
