<annotation>
	<folder>images</folder>
	<filename>49.jpg</filename>
	<path>C:\Users\Administrator\Desktop\ProFowCombined\images\49.jpg</path>
	<source>
		<database>Unknown</database>
	</source>
	<size>
		<width>1024</width>
		<height>1536</height>
		<depth>3</depth>
	</size>
	<segmented>0</segmented>
	<object>
		<name>Proteus Amoeba</name>
		<pose>Unspecified</pose>
		<truncated>0</truncated>
		<difficult>0</difficult>
		<bndbox>
			<xmin>533</xmin>
			<ymin>403</ymin>
			<xmax>671</xmax>
			<ymax>556</ymax>
		</bndbox>
	</object>
	<object>
		<name>N.Fowleri Amoeba</name>
		<pose>Unspecified</pose>
		<truncated>0</truncated>
		<difficult>0</difficult>
		<bndbox>
			<xmin>351</xmin>
			<ymin>1018</ymin>
			<xmax>561</xmax>
			<ymax>1138</ymax>
		</bndbox>
	</object>
</annotation>
