<annotation>
	<folder>images</folder>
	<filename>5.jpg</filename>
	<path>C:\Users\Administrator\Desktop\ProFowCombined\images\5.jpg</path>
	<source>
		<database>Unknown</database>
	</source>
	<size>
		<width>1024</width>
		<height>1536</height>
		<depth>3</depth>
	</size>
	<segmented>0</segmented>
	<object>
		<name>Proteus Amoeba</name>
		<pose>Unspecified</pose>
		<truncated>0</truncated>
		<difficult>0</difficult>
		<bndbox>
			<xmin>494</xmin>
			<ymin>310</ymin>
			<xmax>609</xmax>
			<ymax>436</ymax>
		</bndbox>
	</object>
	<object>
		<name>N.Fowleri Amoeba</name>
		<pose>Unspecified</pose>
		<truncated>0</truncated>
		<difficult>0</difficult>
		<bndbox>
			<xmin>245</xmin>
			<ymin>995</ymin>
			<xmax>373</xmax>
			<ymax>1154</ymax>
		</bndbox>
	</object>
</annotation>
