<annotation>
	<folder>images</folder>
	<filename>70.jpg</filename>
	<path>C:\Users\Administrator\Desktop\ProFowCombined\images\70.jpg</path>
	<source>
		<database>Unknown</database>
	</source>
	<size>
		<width>1024</width>
		<height>1536</height>
		<depth>3</depth>
	</size>
	<segmented>0</segmented>
	<object>
		<name>Proteus Amoeba</name>
		<pose>Unspecified</pose>
		<truncated>0</truncated>
		<difficult>0</difficult>
		<bndbox>
			<xmin>264</xmin>
			<ymin>642</ymin>
			<xmax>456</xmax>
			<ymax>731</ymax>
		</bndbox>
	</object>
	<object>
		<name>Proteus Amoeba</name>
		<pose>Unspecified</pose>
		<truncated>0</truncated>
		<difficult>0</difficult>
		<bndbox>
			<xmin>610</xmin>
			<ymin>136</ymin>
			<xmax>764</xmax>
			<ymax>251</ymax>
		</bndbox>
	</object>
	<object>
		<name>N.Fowleri Amoeba</name>
		<pose>Unspecified</pose>
		<truncated>0</truncated>
		<difficult>0</difficult>
		<bndbox>
			<xmin>482</xmin>
			<ymin>1187</ymin>
			<xmax>589</xmax>
			<ymax>1341</ymax>
		</bndbox>
	</object>
</annotation>
