<annotation>
	<folder>images</folder>
	<filename>51.jpg</filename>
	<path>C:\Users\Administrator\Desktop\ProFowCombined\images\51.jpg</path>
	<source>
		<database>Unknown</database>
	</source>
	<size>
		<width>1024</width>
		<height>1536</height>
		<depth>3</depth>
	</size>
	<segmented>0</segmented>
	<object>
		<name>Proteus Amoeba</name>
		<pose>Unspecified</pose>
		<truncated>0</truncated>
		<difficult>0</difficult>
		<bndbox>
			<xmin>609</xmin>
			<ymin>326</ymin>
			<xmax>735</xmax>
			<ymax>493</ymax>
		</bndbox>
	</object>
	<object>
		<name>N.Fowleri Amoeba</name>
		<pose>Unspecified</pose>
		<truncated>0</truncated>
		<difficult>0</difficult>
		<bndbox>
			<xmin>414</xmin>
			<ymin>1228</ymin>
			<xmax>509</xmax>
			<ymax>1360</ymax>
		</bndbox>
	</object>
</annotation>
