<annotation>
	<folder>images</folder>
	<filename>52.jpg</filename>
	<path>C:\Users\Administrator\Desktop\ProFowCombined\images\52.jpg</path>
	<source>
		<database>Unknown</database>
	</source>
	<size>
		<width>1024</width>
		<height>1536</height>
		<depth>3</depth>
	</size>
	<segmented>0</segmented>
	<object>
		<name>Proteus Amoeba</name>
		<pose>Unspecified</pose>
		<truncated>0</truncated>
		<difficult>0</difficult>
		<bndbox>
			<xmin>535</xmin>
			<ymin>308</ymin>
			<xmax>638</xmax>
			<ymax>428</ymax>
		</bndbox>
	</object>
	<object>
		<name>Proteus Amoeba</name>
		<pose>Unspecified</pose>
		<truncated>0</truncated>
		<difficult>0</difficult>
		<bndbox>
			<xmin>520</xmin>
			<ymin>544</ymin>
			<xmax>633</xmax>
			<ymax>677</ymax>
		</bndbox>
	</object>
	<object>
		<name>N.Fowleri Amoeba</name>
		<pose>Unspecified</pose>
		<truncated>0</truncated>
		<difficult>0</difficult>
		<bndbox>
			<xmin>496</xmin>
			<ymin>1129</ymin>
			<xmax>630</xmax>
			<ymax>1280</ymax>
		</bndbox>
	</object>
</annotation>
