<annotation>
	<folder>images</folder>
	<filename>53.jpg</filename>
	<path>C:\Users\Administrator\Desktop\ProFowCombined\images\53.jpg</path>
	<source>
		<database>Unknown</database>
	</source>
	<size>
		<width>1024</width>
		<height>1536</height>
		<depth>3</depth>
	</size>
	<segmented>0</segmented>
	<object>
		<name>Proteus Amoeba</name>
		<pose>Unspecified</pose>
		<truncated>0</truncated>
		<difficult>0</difficult>
		<bndbox>
			<xmin>189</xmin>
			<ymin>567</ymin>
			<xmax>399</xmax>
			<ymax>724</ymax>
		</bndbox>
	</object>
	<object>
		<name>Proteus Amoeba</name>
		<pose>Unspecified</pose>
		<truncated>0</truncated>
		<difficult>0</difficult>
		<bndbox>
			<xmin>279</xmin>
			<ymin>224</ymin>
			<xmax>473</xmax>
			<ymax>392</ymax>
		</bndbox>
	</object>
	<object>
		<name>N.Fowleri Amoeba</name>
		<pose>Unspecified</pose>
		<truncated>0</truncated>
		<difficult>0</difficult>
		<bndbox>
			<xmin>750</xmin>
			<ymin>1159</ymin>
			<xmax>861</xmax>
			<ymax>1301</ymax>
		</bndbox>
	</object>
</annotation>
