<annotation>
	<folder>images</folder>
	<filename>71.jpg</filename>
	<path>C:\Users\Administrator\Desktop\ProFowCombined\images\71.jpg</path>
	<source>
		<database>Unknown</database>
	</source>
	<size>
		<width>1024</width>
		<height>1536</height>
		<depth>3</depth>
	</size>
	<segmented>0</segmented>
	<object>
		<name>Proteus Amoeba</name>
		<pose>Unspecified</pose>
		<truncated>0</truncated>
		<difficult>0</difficult>
		<bndbox>
			<xmin>450</xmin>
			<ymin>162</ymin>
			<xmax>674</xmax>
			<ymax>357</ymax>
		</bndbox>
	</object>
	<object>
		<name>N.Fowleri Amoeba</name>
		<pose>Unspecified</pose>
		<truncated>0</truncated>
		<difficult>0</difficult>
		<bndbox>
			<xmin>548</xmin>
			<ymin>1011</ymin>
			<xmax>617</xmax>
			<ymax>1098</ymax>
		</bndbox>
	</object>
</annotation>
