<annotation>
	<folder>images</folder>
	<filename>55.jpg</filename>
	<path>C:\Users\Administrator\Desktop\ProFowCombined\images\55.jpg</path>
	<source>
		<database>Unknown</database>
	</source>
	<size>
		<width>1024</width>
		<height>1536</height>
		<depth>3</depth>
	</size>
	<segmented>0</segmented>
	<object>
		<name>Proteus Amoeba</name>
		<pose>Unspecified</pose>
		<truncated>0</truncated>
		<difficult>0</difficult>
		<bndbox>
			<xmin>4</xmin>
			<ymin>351</ymin>
			<xmax>122</xmax>
			<ymax>557</ymax>
		</bndbox>
	</object>
	<object>
		<name>N.Fowleri Amoeba</name>
		<pose>Unspecified</pose>
		<truncated>0</truncated>
		<difficult>0</difficult>
		<bndbox>
			<xmin>107</xmin>
			<ymin>1088</ymin>
			<xmax>260</xmax>
			<ymax>1318</ymax>
		</bndbox>
	</object>
</annotation>
