<annotation>
	<folder>images</folder>
	<filename>56.jpg</filename>
	<path>C:\Users\Administrator\Desktop\ProFowCombined\images\56.jpg</path>
	<source>
		<database>Unknown</database>
	</source>
	<size>
		<width>1024</width>
		<height>1536</height>
		<depth>3</depth>
	</size>
	<segmented>0</segmented>
	<object>
		<name>Proteus Amoeba</name>
		<pose>Unspecified</pose>
		<truncated>0</truncated>
		<difficult>0</difficult>
		<bndbox>
			<xmin>138</xmin>
			<ymin>170</ymin>
			<xmax>238</xmax>
			<ymax>311</ymax>
		</bndbox>
	</object>
	<object>
		<name>N.Fowleri Amoeba</name>
		<pose>Unspecified</pose>
		<truncated>0</truncated>
		<difficult>0</difficult>
		<bndbox>
			<xmin>564</xmin>
			<ymin>1018</ymin>
			<xmax>643</xmax>
			<ymax>1105</ymax>
		</bndbox>
	</object>
</annotation>
