<annotation>
	<folder>images</folder>
	<filename>57.jpg</filename>
	<path>C:\Users\Administrator\Desktop\ProFowCombined\images\57.jpg</path>
	<source>
		<database>Unknown</database>
	</source>
	<size>
		<width>1024</width>
		<height>1536</height>
		<depth>3</depth>
	</size>
	<segmented>0</segmented>
	<object>
		<name>Proteus Amoeba</name>
		<pose>Unspecified</pose>
		<truncated>0</truncated>
		<difficult>0</difficult>
		<bndbox>
			<xmin>10</xmin>
			<ymin>408</ymin>
			<xmax>156</xmax>
			<ymax>538</ymax>
		</bndbox>
	</object>
	<object>
		<name>Proteus Amoeba</name>
		<pose>Unspecified</pose>
		<truncated>0</truncated>
		<difficult>0</difficult>
		<bndbox>
			<xmin>801</xmin>
			<ymin>316</ymin>
			<xmax>907</xmax>
			<ymax>482</ymax>
		</bndbox>
	</object>
	<object>
		<name>N.Fowleri Amoeba</name>
		<pose>Unspecified</pose>
		<truncated>0</truncated>
		<difficult>0</difficult>
		<bndbox>
			<xmin>405</xmin>
			<ymin>1115</ymin>
			<xmax>627</xmax>
			<ymax>1229</ymax>
		</bndbox>
	</object>
</annotation>
