<annotation>
	<folder>images</folder>
	<filename>58.jpg</filename>
	<path>C:\Users\Administrator\Desktop\ProFowCombined\images\58.jpg</path>
	<source>
		<database>Unknown</database>
	</source>
	<size>
		<width>1024</width>
		<height>1536</height>
		<depth>3</depth>
	</size>
	<segmented>0</segmented>
	<object>
		<name>Proteus Amoeba</name>
		<pose>Unspecified</pose>
		<truncated>0</truncated>
		<difficult>0</difficult>
		<bndbox>
			<xmin>263</xmin>
			<ymin>101</ymin>
			<xmax>528</xmax>
			<ymax>223</ymax>
		</bndbox>
	</object>
	<object>
		<name>N.Fowleri Amoeba</name>
		<pose>Unspecified</pose>
		<truncated>0</truncated>
		<difficult>0</difficult>
		<bndbox>
			<xmin>145</xmin>
			<ymin>1226</ymin>
			<xmax>284</xmax>
			<ymax>1387</ymax>
		</bndbox>
	</object>
</annotation>
