<annotation>
	<folder>images</folder>
	<filename>59.jpg</filename>
	<path>C:\Users\Administrator\Desktop\ProFowCombined\images\59.jpg</path>
	<source>
		<database>Unknown</database>
	</source>
	<size>
		<width>1024</width>
		<height>1536</height>
		<depth>3</depth>
	</size>
	<segmented>0</segmented>
	<object>
		<name>Proteus Amoeba</name>
		<pose>Unspecified</pose>
		<truncated>0</truncated>
		<difficult>0</difficult>
		<bndbox>
			<xmin>420</xmin>
			<ymin>162</ymin>
			<xmax>517</xmax>
			<ymax>311</ymax>
		</bndbox>
	</object>
	<object>
		<name>N.Fowleri Amoeba</name>
		<pose>Unspecified</pose>
		<truncated>0</truncated>
		<difficult>0</difficult>
		<bndbox>
			<xmin>296</xmin>
			<ymin>1244</ymin>
			<xmax>414</xmax>
			<ymax>1357</ymax>
		</bndbox>
	</object>
</annotation>
