<annotation>
	<folder>images</folder>
	<filename>6.jpg</filename>
	<path>C:\Users\Administrator\Desktop\ProFowCombined\images\6.jpg</path>
	<source>
		<database>Unknown</database>
	</source>
	<size>
		<width>1024</width>
		<height>1536</height>
		<depth>3</depth>
	</size>
	<segmented>0</segmented>
	<object>
		<name>Proteus Amoeba</name>
		<pose>Unspecified</pose>
		<truncated>0</truncated>
		<difficult>0</difficult>
		<bndbox>
			<xmin>312</xmin>
			<ymin>342</ymin>
			<xmax>499</xmax>
			<ymax>454</ymax>
		</bndbox>
	</object>
	<object>
		<name>N.Fowleri Amoeba</name>
		<pose>Unspecified</pose>
		<truncated>0</truncated>
		<difficult>0</difficult>
		<bndbox>
			<xmin>243</xmin>
			<ymin>993</ymin>
			<xmax>371</xmax>
			<ymax>1152</ymax>
		</bndbox>
	</object>
</annotation>
