<annotation>
	<folder>images</folder>
	<filename>60.jpg</filename>
	<path>C:\Users\Administrator\Desktop\ProFowCombined\images\60.jpg</path>
	<source>
		<database>Unknown</database>
	</source>
	<size>
		<width>1024</width>
		<height>1536</height>
		<depth>3</depth>
	</size>
	<segmented>0</segmented>
	<object>
		<name>Proteus Amoeba</name>
		<pose>Unspecified</pose>
		<truncated>0</truncated>
		<difficult>0</difficult>
		<bndbox>
			<xmin>456</xmin>
			<ymin>346</ymin>
			<xmax>571</xmax>
			<ymax>470</ymax>
		</bndbox>
	</object>
	<object>
		<name>N.Fowleri Amoeba</name>
		<pose>Unspecified</pose>
		<truncated>0</truncated>
		<difficult>0</difficult>
		<bndbox>
			<xmin>430</xmin>
			<ymin>1108</ymin>
			<xmax>527</xmax>
			<ymax>1216</ymax>
		</bndbox>
	</object>
</annotation>
