<annotation>
	<folder>images</folder>
	<filename>61.jpg</filename>
	<path>C:\Users\Administrator\Desktop\ProFowCombined\images\61.jpg</path>
	<source>
		<database>Unknown</database>
	</source>
	<size>
		<width>1024</width>
		<height>1536</height>
		<depth>3</depth>
	</size>
	<segmented>0</segmented>
	<object>
		<name>Proteus Amoeba</name>
		<pose>Unspecified</pose>
		<truncated>0</truncated>
		<difficult>0</difficult>
		<bndbox>
			<xmin>402</xmin>
			<ymin>452</ymin>
			<xmax>550</xmax>
			<ymax>549</ymax>
		</bndbox>
	</object>
	<object>
		<name>N.Fowleri Amoeba</name>
		<pose>Unspecified</pose>
		<truncated>0</truncated>
		<difficult>0</difficult>
		<bndbox>
			<xmin>166</xmin>
			<ymin>1205</ymin>
			<xmax>263</xmax>
			<ymax>1341</ymax>
		</bndbox>
	</object>
	<object>
		<name>N.Fowleri Amoeba</name>
		<pose>Unspecified</pose>
		<truncated>0</truncated>
		<difficult>0</difficult>
		<bndbox>
			<xmin>714</xmin>
			<ymin>1016</ymin>
			<xmax>805</xmax>
			<ymax>1146</ymax>
		</bndbox>
	</object>
</annotation>
