<annotation>
	<folder>images</folder>
	<filename>62.jpg</filename>
	<path>C:\Users\Administrator\Desktop\ProFowCombined\images\62.jpg</path>
	<source>
		<database>Unknown</database>
	</source>
	<size>
		<width>1024</width>
		<height>1536</height>
		<depth>3</depth>
	</size>
	<segmented>0</segmented>
	<object>
		<name>Proteus Amoeba</name>
		<pose>Unspecified</pose>
		<truncated>0</truncated>
		<difficult>0</difficult>
		<bndbox>
			<xmin>420</xmin>
			<ymin>618</ymin>
			<xmax>625</xmax>
			<ymax>734</ymax>
		</bndbox>
	</object>
	<object>
		<name>N.Fowleri Amoeba</name>
		<pose>Unspecified</pose>
		<truncated>0</truncated>
		<difficult>0</difficult>
		<bndbox>
			<xmin>769</xmin>
			<ymin>1046</ymin>
			<xmax>904</xmax>
			<ymax>1167</ymax>
		</bndbox>
	</object>
</annotation>
