<annotation>
	<folder>images</folder>
	<filename>7.jpg</filename>
	<path>C:\Users\Administrator\Desktop\ProFowCombined\images\7.jpg</path>
	<source>
		<database>Unknown</database>
	</source>
	<size>
		<width>1024</width>
		<height>1536</height>
		<depth>3</depth>
	</size>
	<segmented>0</segmented>
	<object>
		<name>Proteus Amoeba</name>
		<pose>Unspecified</pose>
		<truncated>0</truncated>
		<difficult>0</difficult>
		<bndbox>
			<xmin>707</xmin>
			<ymin>118</ymin>
			<xmax>789</xmax>
			<ymax>251</ymax>
		</bndbox>
	</object>
	<object>
		<name>Proteus Amoeba</name>
		<pose>Unspecified</pose>
		<truncated>0</truncated>
		<difficult>0</difficult>
		<bndbox>
			<xmin>776</xmin>
			<ymin>577</ymin>
			<xmax>905</xmax>
			<ymax>767</ymax>
		</bndbox>
	</object>
	<object>
		<name>N.Fowleri Amoeba</name>
		<pose>Unspecified</pose>
		<truncated>0</truncated>
		<difficult>0</difficult>
		<bndbox>
			<xmin>251</xmin>
			<ymin>992</ymin>
			<xmax>378</xmax>
			<ymax>1157</ymax>
		</bndbox>
	</object>
</annotation>
