<annotation>
	<folder>images</folder>
	<filename>8.jpg</filename>
	<path>C:\Users\Administrator\Desktop\ProFowCombined\images\8.jpg</path>
	<source>
		<database>Unknown</database>
	</source>
	<size>
		<width>1024</width>
		<height>1536</height>
		<depth>3</depth>
	</size>
	<segmented>0</segmented>
	<object>
		<name>Proteus Amoeba</name>
		<pose>Unspecified</pose>
		<truncated>0</truncated>
		<difficult>0</difficult>
		<bndbox>
			<xmin>486</xmin>
			<ymin>479</ymin>
			<xmax>633</xmax>
			<ymax>611</ymax>
		</bndbox>
	</object>
	<object>
		<name>N.Fowleri Amoeba</name>
		<pose>Unspecified</pose>
		<truncated>0</truncated>
		<difficult>0</difficult>
		<bndbox>
			<xmin>248</xmin>
			<ymin>1075</ymin>
			<xmax>399</xmax>
			<ymax>1274</ymax>
		</bndbox>
	</object>
</annotation>
