<annotation>
	<folder>images</folder>
	<filename>9.jpg</filename>
	<path>C:\Users\Administrator\Desktop\ProFowCombined\images\9.jpg</path>
	<source>
		<database>Unknown</database>
	</source>
	<size>
		<width>1024</width>
		<height>1536</height>
		<depth>3</depth>
	</size>
	<segmented>0</segmented>
	<object>
		<name>Proteus Amoeba</name>
		<pose>Unspecified</pose>
		<truncated>0</truncated>
		<difficult>0</difficult>
		<bndbox>
			<xmin>378</xmin>
			<ymin>205</ymin>
			<xmax>502</xmax>
			<ymax>339</ymax>
		</bndbox>
	</object>
	<object>
		<name>N.Fowleri Amoeba</name>
		<pose>Unspecified</pose>
		<truncated>0</truncated>
		<difficult>0</difficult>
		<bndbox>
			<xmin>207</xmin>
			<ymin>1292</ymin>
			<xmax>338</xmax>
			<ymax>1467</ymax>
		</bndbox>
	</object>
</annotation>
